adjective	â–ª	Small Square	BLACK SMALL SQUARE
adjective	â–«	Small Square	WHITE SMALL SQUARE
adjective	â–¶	Right-Pointing Triangle	BLACK RIGHT-POINTING TRIANGLE
adjective	â—€	Left-Pointing Triangle	BLACK LEFT-POINTING TRIANGLE
adjective	â—»	Medium Square	WHITE MEDIUM SQUARE
adjective	â—¼	Medium Square	BLACK MEDIUM SQUARE
adjective	â—½	Medium Small Square	WHITE MEDIUM SMALL SQUARE
adjective	â—¾	Medium Small Square	BLACK MEDIUM SMALL SQUARE
adjective	â˜€	Sun With Rays	BLACK SUN WITH RAYS
adjective	â˜	Cloud	CLOUD
adjective	â˜‚	Umbrella	UMBRELLA
adjective	â˜ƒ	Snowman	SNOWMAN
adjective	â˜„	Comet	COMET
adjective	â˜	Telephone	BLACK TELEPHONE
adjective	â˜‘	Ballot Box With Check	BALLOT BOX WITH CHECK
adjective	â˜”	Umbrella With Rain Drops	UMBRELLA WITH RAIN DROPS
adjective	â˜•	Hot Beverage	HOT BEVERAGE
adjective	â˜˜	Shamrock	SHAMROCK
adjective	â˜	Up Pointing Index	WHITE UP POINTING INDEX
adjective	â˜ 	Skull And Crossbones	SKULL AND CROSSBONES
adjective	â˜¢	Radioactive	RADIOACTIVE SIGN
adjective	â˜£	Biohazard	BIOHAZARD SIGN
adjective	â˜¦	Orthodox Cross	ORTHODOX CROSS
adjective	â˜ª	Star And Crescent	STAR AND CRESCENT
adjective	â˜®	Peace	PEACE SYMBOL
adjective	â˜¯	Yin Yang	YIN YANG
adjective	â˜¸	Wheel Of Dharma	WHEEL OF DHARMA
adjective	â˜¹	Frowning Face	WHITE FROWNING FACE
adjective	â˜º	Smiling Face	WHITE SMILING FACE
adjective	â™€	Female	FEMALE SIGN
adjective	â™‚	Male	MALE SIGN
adjective	â™ˆ	Aries	ARIES
adjective	â™‰	Taurus	TAURUS
adjective	â™Š	Gemini	GEMINI
adjective	â™‹	Cancer	CANCER
adjective	â™Œ	Leo	LEO
adjective	â™	Virgo	VIRGO
adjective	â™	Libra	LIBRA
adjective	â™	Scorpius	SCORPIUS
adjective	â™	Sagittarius	SAGITTARIUS
adjective	â™‘	Capricorn	CAPRICORN
adjective	â™’	Aquarius	AQUARIUS
adjective	â™“	Pisces	PISCES
adjective	â™Ÿ	Pawn	BLACK CHESS PAWN
adjective	â™ 	Spade	BLACK SPADE SUIT
adjective	â™£	Club	BLACK CLUB SUIT
adjective	â™¥	Heart	BLACK HEART SUIT
adjective	â™¦	Diamond	BLACK DIAMOND SUIT
adjective	â™¨	Hot Springs	HOT SPRINGS
adjective	â™»	Universal Recycling	BLACK UNIVERSAL RECYCLING SYMBOL
adjective	â™¾	Permanent Paper	PERMANENT PAPER SIGN
adjective	â™¿	Wheelchair	WHEELCHAIR SYMBOL
adjective	âš’	Hammer And Pick	HAMMER AND PICK
adjective	âš“	Anchor	ANCHOR
adjective	âš”	Crossed Swords	CROSSED SWORDS
adjective	âš•	Staff Of Aesculapius	STAFF OF AESCULAPIUS
adjective	âš–	Scales	SCALES
adjective	âš—	Alembic	ALEMBIC
adjective	âš™	Gear	GEAR
adjective	âš›	Atom	ATOM SYMBOL
adjective	âšœ	Fleur-De-Lis	FLEUR-DE-LIS
adjective	âš 	Warning	WARNING SIGN
adjective	âš¡	High Voltage	HIGH VOLTAGE SIGN
adjective	âšª	Medium Circle	MEDIUM WHITE CIRCLE
adjective	âš«	Medium Circle	MEDIUM BLACK CIRCLE
adjective	âš°	Coffin	COFFIN
adjective	âš±	Funeral Urn	FUNERAL URN
adjective	âš½	Soccer Ball	SOCCER BALL
adjective	âš¾	Baseball	BASEBALL
adjective	â›„	Snowman Without Snow	SNOWMAN WITHOUT SNOW
adjective	â›…	Sun Behind Cloud	SUN BEHIND CLOUD
adjective	â›ˆ	Thunder Cloud And Rain	THUNDER CLOUD AND RAIN
adjective	â›	Ophiuchus	OPHIUCHUS
adjective	â›	Pick	PICK
adjective	â›‘	Helmet With Cross	HELMET WITH WHITE CROSS
adjective	â›“	Chains	CHAINS
adjective	â›”	No Entry	NO ENTRY
adjective	â›©	Shinto Shrine	SHINTO SHRINE
adjective	â›ª	Church	CHURCH
adjective	â›°	Mountain	MOUNTAIN
adjective	â›±	Umbrella On Ground	UMBRELLA ON GROUND
adjective	â›²	Fountain	FOUNTAIN
adjective	â›³	Flag In Hole	FLAG IN HOLE
adjective	â›´	Ferry	FERRY
adjective	â›µ	Sailboat	SAILBOAT
adjective	â›·	Skier	SKIER
adjective	â›¸	Ice Skate	ICE SKATE
adjective	â›¹	Person With Ball	PERSON WITH BALL
adjective	â›º	Tent	TENT
adjective	â›½	Fuel Pump	FUEL PUMP
adjective	âœ‚	Scissors	BLACK SCISSORS
adjective	âœ…	Heavy Check	WHITE HEAVY CHECK MARK
adjective	âœˆ	Airplane	AIRPLANE
adjective	âœ‰	Envelope	ENVELOPE
adjective	âœŠ	Raised Fist	RAISED FIST
adjective	âœ‹	Raised Hand	RAISED HAND
adjective	âœŒ	Victory Hand	VICTORY HAND
adjective	âœ	Writing Hand	WRITING HAND
adjective	âœ	Pencil	PENCIL
adjective	âœ’	Nib	BLACK NIB
adjective	âœ”	Heavy Check	HEAVY CHECK MARK
adjective	âœ–	Heavy Multiplication X	HEAVY MULTIPLICATION X
adjective	âœ	Latin Cross	LATIN CROSS
adjective	âœ¡	Star Of David	STAR OF DAVID
adjective	âœ¨	Sparkles	SPARKLES
adjective	âœ³	Eight Spoked Asterisk	EIGHT SPOKED ASTERISK
adjective	âœ´	Eight Pointed Star	EIGHT POINTED BLACK STAR
adjective	â„	Snowflake	SNOWFLAKE
adjective	â‡	Sparkle	SPARKLE
adjective	âŒ	Cross	CROSS MARK
adjective	â	Negative Squared Cross	NEGATIVE SQUARED CROSS MARK
adjective	â“	Question	BLACK QUESTION MARK ORNAMENT
adjective	â”	Question	WHITE QUESTION MARK ORNAMENT
adjective	â•	Exclamation	WHITE EXCLAMATION MARK ORNAMENT
adjective	â—	Heavy Exclamation	HEAVY EXCLAMATION MARK SYMBOL
adjective	â£	Heavy Heart Exclamation	HEAVY HEART EXCLAMATION MARK ORNAMENT
adjective	â¤	Heavy Heart	HEAVY BLACK HEART
adjective	â•	Heavy Plus	HEAVY PLUS SIGN
adjective	â–	Heavy Minus	HEAVY MINUS SIGN
adjective	â—	Heavy Division	HEAVY DIVISION SIGN
adjective	â¡	Rightwards	BLACK RIGHTWARDS ARROW
adjective	â°	Curly Loop	CURLY LOOP
adjective	â¿	Double Curly Loop	DOUBLE CURLY LOOP
adjective	â¬…	Leftwards	LEFTWARDS BLACK ARROW
adjective	â¬†	Upwards	UPWARDS BLACK ARROW
adjective	â¬‡	Downwards	DOWNWARDS BLACK ARROW
adjective	â¬›	Large Square	BLACK LARGE SQUARE
adjective	â¬œ	Large Square	WHITE LARGE SQUARE
adjective	â­	Medium Star	WHITE MEDIUM STAR
adjective	â­•	Heavy Large Circle	HEAVY LARGE CIRCLE
noun	ğŸ€„	Mahjong Tile Red Dragon	MAHJONG TILE RED DRAGON
noun	ğŸƒ	Playing Card Joker	PLAYING CARD BLACK JOKER
noun	ğŸ‰	Advantage	CIRCLED IDEOGRAPH ADVANTAGE
noun	ğŸ‰‘	Accept	CIRCLED IDEOGRAPH ACCEPT
noun	ğŸŒ€	Cyclone	CYCLONE
noun	ğŸŒ	Foggy	FOGGY
noun	ğŸŒ‚	Closed Umbrella	CLOSED UMBRELLA
noun	ğŸŒƒ	Night With Stars	NIGHT WITH STARS
noun	ğŸŒ„	Sunrise Over Mountains	SUNRISE OVER MOUNTAINS
noun	ğŸŒ…	Sunrise	SUNRISE
noun	ğŸŒ†	Cityscape At Dusk	CITYSCAPE AT DUSK
noun	ğŸŒ‡	Sunset Over Buildings	SUNSET OVER BUILDINGS
noun	ğŸŒˆ	Rainbow	RAINBOW
noun	ğŸŒ‰	Bridge At Night	BRIDGE AT NIGHT
noun	ğŸŒŠ	Water Wave	WATER WAVE
noun	ğŸŒ‹	Volcano	VOLCANO
noun	ğŸŒŒ	Milky Way	MILKY WAY
noun	ğŸŒ	Earth Globe Europe-Africa	EARTH GLOBE EUROPE-AFRICA
noun	ğŸŒ	Earth Globe Americas	EARTH GLOBE AMERICAS
noun	ğŸŒ	Earth Globe Asia-Australia	EARTH GLOBE ASIA-AUSTRALIA
noun	ğŸŒ	Globe With Meridians	GLOBE WITH MERIDIANS
noun	ğŸŒ‘	New Moon	NEW MOON SYMBOL
noun	ğŸŒ’	Waxing Crescent Moon	WAXING CRESCENT MOON SYMBOL
noun	ğŸŒ“	First Quarter Moon	FIRST QUARTER MOON SYMBOL
noun	ğŸŒ”	Waxing Gibbous Moon	WAXING GIBBOUS MOON SYMBOL
noun	ğŸŒ•	Full Moon	FULL MOON SYMBOL
noun	ğŸŒ–	Waning Gibbous Moon	WANING GIBBOUS MOON SYMBOL
noun	ğŸŒ—	Last Quarter Moon	LAST QUARTER MOON SYMBOL
noun	ğŸŒ˜	Waning Crescent Moon	WANING CRESCENT MOON SYMBOL
noun	ğŸŒ™	Crescent Moon	CRESCENT MOON
noun	ğŸŒš	New Moon With Face	NEW MOON WITH FACE
noun	ğŸŒ›	First Quarter Moon With Face	FIRST QUARTER MOON WITH FACE
noun	ğŸŒœ	Last Quarter Moon With Face	LAST QUARTER MOON WITH FACE
noun	ğŸŒ	Full Moon With Face	FULL MOON WITH FACE
noun	ğŸŒ	Sun With Face	SUN WITH FACE
noun	ğŸŒŸ	Glowing Star	GLOWING STAR
noun	ğŸŒ 	Shooting Star	SHOOTING STAR
noun	ğŸŒ¡	Thermometer	THERMOMETER
noun	ğŸŒ¤	Sun With Small Cloud	WHITE SUN WITH SMALL CLOUD
noun	ğŸŒ¥	Sun Behind Cloud	WHITE SUN BEHIND CLOUD
noun	ğŸŒ¦	Sun Behind Cloud With Rain	WHITE SUN BEHIND CLOUD WITH RAIN
noun	ğŸŒ§	Cloud With Rain	CLOUD WITH RAIN
noun	ğŸŒ¨	Cloud With Snow	CLOUD WITH SNOW
noun	ğŸŒ©	Cloud With Lightning	CLOUD WITH LIGHTNING
noun	ğŸŒª	Cloud With Tornado	CLOUD WITH TORNADO
noun	ğŸŒ«	Fog	FOG
noun	ğŸŒ¬	Wind Blowing Face	WIND BLOWING FACE
noun	ğŸŒ­	Hot Dog	HOT DOG
noun	ğŸŒ®	Taco	TACO
noun	ğŸŒ¯	Burrito	BURRITO
noun	ğŸŒ°	Chestnut	CHESTNUT
noun	ğŸŒ±	Seedling	SEEDLING
noun	ğŸŒ²	Evergreen Tree	EVERGREEN TREE
noun	ğŸŒ³	Deciduous Tree	DECIDUOUS TREE
noun	ğŸŒ´	Palm Tree	PALM TREE
noun	ğŸŒµ	Cactus	CACTUS
noun	ğŸŒ¶	Hot Pepper	HOT PEPPER
noun	ğŸŒ·	Tulip	TULIP
noun	ğŸŒ¸	Cherry Blossom	CHERRY BLOSSOM
noun	ğŸŒ¹	Rose	ROSE
noun	ğŸŒº	Hibiscus	HIBISCUS
noun	ğŸŒ»	Sunflower	SUNFLOWER
noun	ğŸŒ¼	Blossom	BLOSSOM
noun	ğŸŒ½	Ear Of Maize	EAR OF MAIZE
noun	ğŸŒ¾	Ear Of Rice	EAR OF RICE
noun	ğŸŒ¿	Herb	HERB
noun	ğŸ€	Four Leaf Clover	FOUR LEAF CLOVER
noun	ğŸ	Maple Leaf	MAPLE LEAF
noun	ğŸ‚	Fallen Leaf	FALLEN LEAF
noun	ğŸƒ	Leaf Fluttering In Wind	LEAF FLUTTERING IN WIND
noun	ğŸ„	Mushroom	MUSHROOM
noun	ğŸ…	Tomato	TOMATO
noun	ğŸ†	Aubergine	AUBERGINE
noun	ğŸ‡	Grapes	GRAPES
noun	ğŸˆ	Melon	MELON
noun	ğŸ‰	Watermelon	WATERMELON
noun	ğŸŠ	Tangerine	TANGERINE
noun	ğŸ‹	Lemon	LEMON
noun	ğŸŒ	Banana	BANANA
noun	ğŸ	Pineapple	PINEAPPLE
noun	ğŸ	Red Apple	RED APPLE
noun	ğŸ	Green Apple	GREEN APPLE
noun	ğŸ	Pear	PEAR
noun	ğŸ‘	Peach	PEACH
noun	ğŸ’	Cherries	CHERRIES
noun	ğŸ“	Strawberry	STRAWBERRY
noun	ğŸ”	Hamburger	HAMBURGER
noun	ğŸ•	Slice Of Pizza	SLICE OF PIZZA
noun	ğŸ–	Meat On Bone	MEAT ON BONE
noun	ğŸ—	Poultry Leg	POULTRY LEG
noun	ğŸ˜	Rice Cracker	RICE CRACKER
noun	ğŸ™	Rice Ball	RICE BALL
noun	ğŸš	Cooked Rice	COOKED RICE
noun	ğŸ›	Curry & Rice	CURRY AND RICE
noun	ğŸœ	Steaming Bowl	STEAMING BOWL
noun	ğŸ	Spaghetti	SPAGHETTI
noun	ğŸ	Bread	BREAD
noun	ğŸŸ	French Fries	FRENCH FRIES
noun	ğŸ 	Roasted Sweet Potato	ROASTED SWEET POTATO
noun	ğŸ¡	Dango	DANGO
noun	ğŸ¢	Oden	ODEN
noun	ğŸ£	Sushi	SUSHI
noun	ğŸ¤	Fried Shrimp	FRIED SHRIMP
noun	ğŸ¥	Fish Cake With Swirl Design	FISH CAKE WITH SWIRL DESIGN
noun	ğŸ¦	Soft Ice Cream	SOFT ICE CREAM
noun	ğŸ§	Shaved Ice	SHAVED ICE
noun	ğŸ¨	Ice Cream	ICE CREAM
noun	ğŸ©	Doughnut	DOUGHNUT
noun	ğŸª	Cookie	COOKIE
noun	ğŸ«	Chocolate Bar	CHOCOLATE BAR
noun	ğŸ¬	Candy	CANDY
noun	ğŸ­	Lollipop	LOLLIPOP
noun	ğŸ®	Custard	CUSTARD
noun	ğŸ¯	Honey Pot	HONEY POT
noun	ğŸ°	Shortcake	SHORTCAKE
noun	ğŸ±	Bento Box	BENTO BOX
noun	ğŸ²	Pot Of Food	POT OF FOOD
noun	ğŸ³	Cooking	COOKING
noun	ğŸ´	Fork & Knife	FORK AND KNIFE
noun	ğŸµ	Teacup Without Handle	TEACUP WITHOUT HANDLE
noun	ğŸ¶	Sake Bottle & Cup	SAKE BOTTLE AND CUP
noun	ğŸ·	Wine Glass	WINE GLASS
noun	ğŸ¸	Cocktail Glass	COCKTAIL GLASS
noun	ğŸ¹	Tropical Drink	TROPICAL DRINK
noun	ğŸº	Beer Mug	BEER MUG
noun	ğŸ»	Clinking Beer Mugs	CLINKING BEER MUGS
noun	ğŸ¼	Baby Bottle	BABY BOTTLE
noun	ğŸ½	Fork & Knife With Plate	FORK AND KNIFE WITH PLATE
noun	ğŸ¾	Bottle With Popping Cork	BOTTLE WITH POPPING CORK
noun	ğŸ¿	Popcorn	POPCORN
noun	ğŸ€	Ribbon	RIBBON
noun	ğŸ	Wrapped Present	WRAPPED PRESENT
noun	ğŸ‚	Birthday Cake	BIRTHDAY CAKE
noun	ğŸƒ	Jack-O-Lantern	JACK-O-LANTERN
noun	ğŸ„	Christmas Tree	CHRISTMAS TREE
noun	ğŸ…	Father Christmas	FATHER CHRISTMAS
noun	ğŸ†	Fireworks	FIREWORKS
noun	ğŸ‡	Firework Sparkler	FIREWORK SPARKLER
noun	ğŸˆ	Balloon	BALLOON
noun	ğŸ‰	Party Popper	PARTY POPPER
noun	ğŸŠ	Confetti Ball	CONFETTI BALL
noun	ğŸ‹	Tanabata Tree	TANABATA TREE
noun	ğŸŒ	Crossed Flags	CROSSED FLAGS
noun	ğŸ	Pine Decoration	PINE DECORATION
noun	ğŸ	Japanese Dolls	JAPANESE DOLLS
noun	ğŸ	Carp Streamer	CARP STREAMER
noun	ğŸ	Wind Chime	WIND CHIME
noun	ğŸ‘	Moon Viewing Ceremony	MOON VIEWING CEREMONY
noun	ğŸ’	School Satchel	SCHOOL SATCHEL
noun	ğŸ“	Graduation Cap	GRADUATION CAP
noun	ğŸ–	Military Medal	MILITARY MEDAL
noun	ğŸ—	Reminder Ribbon	REMINDER RIBBON
noun	ğŸ™	Studio Microphone	STUDIO MICROPHONE
noun	ğŸš	Level Slider	LEVEL SLIDER
noun	ğŸ›	Control Knobs	CONTROL KNOBS
noun	ğŸ	Film Frames	FILM FRAMES
noun	ğŸŸ	Admission Tickets	ADMISSION TICKETS
noun	ğŸ 	Carousel Horse	CAROUSEL HORSE
noun	ğŸ¡	Ferris Wheel	FERRIS WHEEL
noun	ğŸ¢	Roller Coaster	ROLLER COASTER
noun	ğŸ£	Fishing Pole & Fish	FISHING POLE AND FISH
noun	ğŸ¤	Microphone	MICROPHONE
noun	ğŸ¥	Movie Camera	MOVIE CAMERA
noun	ğŸ¦	Cinema	CINEMA
noun	ğŸ§	Headphone	HEADPHONE
noun	ğŸ¨	Artist Palette	ARTIST PALETTE
noun	ğŸ©	Top Hat	TOP HAT
noun	ğŸª	Circus Tent	CIRCUS TENT
noun	ğŸ«	Ticket	TICKET
noun	ğŸ¬	Clapper Board	CLAPPER BOARD
noun	ğŸ­	Performing Arts	PERFORMING ARTS
noun	ğŸ®	Video Game	VIDEO GAME
noun	ğŸ¯	Direct Hit	DIRECT HIT
noun	ğŸ°	Slot Machine	SLOT MACHINE
noun	ğŸ±	Billiards	BILLIARDS
noun	ğŸ²	Game Die	GAME DIE
noun	ğŸ³	Bowling	BOWLING
noun	ğŸ´	Flower Playing Cards	FLOWER PLAYING CARDS
noun	ğŸµ	Musical Note	MUSICAL NOTE
noun	ğŸ¶	Multiple Musical Notes	MULTIPLE MUSICAL NOTES
noun	ğŸ·	Saxophone	SAXOPHONE
noun	ğŸ¸	Guitar	GUITAR
noun	ğŸ¹	Musical Keyboard	MUSICAL KEYBOARD
noun	ğŸº	Trumpet	TRUMPET
noun	ğŸ»	Violin	VIOLIN
noun	ğŸ¼	Musical Score	MUSICAL SCORE
noun	ğŸ½	Running Shirt With Sash	RUNNING SHIRT WITH SASH
noun	ğŸ¾	Tennis Racquet & Ball	TENNIS RACQUET AND BALL
noun	ğŸ¿	Ski & Ski Boot	SKI AND SKI BOOT
noun	ğŸ€	Basketball & Hoop	BASKETBALL AND HOOP
noun	ğŸ	Chequered Flag	CHEQUERED FLAG
noun	ğŸ‚	Snowboarder	SNOWBOARDER
noun	ğŸƒ	Runner	RUNNER
noun	ğŸ„	Surfer	SURFER
noun	ğŸ…	Sports Medal	SPORTS MEDAL
noun	ğŸ†	Trophy	TROPHY
noun	ğŸ‡	Horse Racing	HORSE RACING
noun	ğŸˆ	American Football	AMERICAN FOOTBALL
noun	ğŸ‰	Rugby Football	RUGBY FOOTBALL
noun	ğŸŠ	Swimmer	SWIMMER
noun	ğŸ‹	Weight Lifter	WEIGHT LIFTER
noun	ğŸŒ	Golfer	GOLFER
noun	ğŸ	Racing Motorcycle	RACING MOTORCYCLE
noun	ğŸ	Racing Car	RACING CAR
noun	ğŸ	Cricket Bat & Ball	CRICKET BAT AND BALL
noun	ğŸ	Volleyball	VOLLEYBALL
noun	ğŸ‘	Field Hockey Stick & Ball	FIELD HOCKEY STICK AND BALL
noun	ğŸ’	Ice Hockey Stick & Puck	ICE HOCKEY STICK AND PUCK
noun	ğŸ“	Table Tennis Paddle & Ball	TABLE TENNIS PADDLE AND BALL
noun	ğŸ”	Snow Capped Mountain	SNOW CAPPED MOUNTAIN
noun	ğŸ•	Camping	CAMPING
noun	ğŸ–	Beach With Umbrella	BEACH WITH UMBRELLA
noun	ğŸ—	Building Construction	BUILDING CONSTRUCTION
noun	ğŸ˜	House Buildings	HOUSE BUILDINGS
noun	ğŸ™	Cityscape	CITYSCAPE
noun	ğŸš	Derelict House Building	DERELICT HOUSE BUILDING
noun	ğŸ›	Classical Building	CLASSICAL BUILDING
noun	ğŸœ	Desert	DESERT
noun	ğŸ	Desert Island	DESERT ISLAND
noun	ğŸ	National Park	NATIONAL PARK
noun	ğŸŸ	Stadium	STADIUM
noun	ğŸ 	House Building	HOUSE BUILDING
noun	ğŸ¡	House With Garden	HOUSE WITH GARDEN
noun	ğŸ¢	Office Building	OFFICE BUILDING
noun	ğŸ£	Japanese Post Office	JAPANESE POST OFFICE
noun	ğŸ¤	European Post Office	EUROPEAN POST OFFICE
noun	ğŸ¥	Hospital	HOSPITAL
noun	ğŸ¦	Bank	BANK
noun	ğŸ§	Automated Teller Machine	AUTOMATED TELLER MACHINE
noun	ğŸ¨	Hotel	HOTEL
noun	ğŸ©	Love Hotel	LOVE HOTEL
noun	ğŸª	Convenience Store	CONVENIENCE STORE
noun	ğŸ«	School	SCHOOL
noun	ğŸ¬	Department Store	DEPARTMENT STORE
noun	ğŸ­	Factory	FACTORY
noun	ğŸ®	Izakaya Lantern	IZAKAYA LANTERN
noun	ğŸ¯	Japanese Castle	JAPANESE CASTLE
noun	ğŸ°	European Castle	EUROPEAN CASTLE
noun	ğŸ³	Waving Flag	WAVING WHITE FLAG
noun	ğŸ´	Waving Flag	WAVING BLACK FLAG
noun	ğŸµ	Rosette	ROSETTE
noun	ğŸ·	Label	LABEL
noun	ğŸ¹	Bow & Arrow	BOW AND ARROW
noun	ğŸº	Amphora	AMPHORA
noun	ğŸ€	Rat	RAT
noun	ğŸ	Mouse	MOUSE
noun	ğŸ‚	Ox	OX
noun	ğŸƒ	Water Buffalo	WATER BUFFALO
noun	ğŸ„	Cow	COW
noun	ğŸ…	Tiger	TIGER
noun	ğŸ†	Leopard	LEOPARD
noun	ğŸ‡	Rabbit	RABBIT
noun	ğŸˆ	Cat	CAT
noun	ğŸ‰	Dragon	DRAGON
noun	ğŸŠ	Crocodile	CROCODILE
noun	ğŸ‹	Whale	WHALE
noun	ğŸŒ	Snail	SNAIL
noun	ğŸ	Snake	SNAKE
noun	ğŸ	Horse	HORSE
noun	ğŸ	Ram	RAM
noun	ğŸ	Goat	GOAT
noun	ğŸ‘	Sheep	SHEEP
noun	ğŸ’	Monkey	MONKEY
noun	ğŸ“	Rooster	ROOSTER
noun	ğŸ”	Chicken	CHICKEN
noun	ğŸ•	Dog	DOG
noun	ğŸ–	Pig	PIG
noun	ğŸ—	Boar	BOAR
noun	ğŸ˜	Elephant	ELEPHANT
noun	ğŸ™	Octopus	OCTOPUS
noun	ğŸš	Spiral Shell	SPIRAL SHELL
noun	ğŸ›	Bug	BUG
noun	ğŸœ	Ant	ANT
noun	ğŸ	Honeybee	HONEYBEE
noun	ğŸ	Lady Beetle	LADY BEETLE
noun	ğŸŸ	Fish	FISH
noun	ğŸ 	Tropical Fish	TROPICAL FISH
noun	ğŸ¡	Blowfish	BLOWFISH
noun	ğŸ¢	Turtle	TURTLE
noun	ğŸ£	Hatching Chick	HATCHING CHICK
noun	ğŸ¤	Baby Chick	BABY CHICK
noun	ğŸ¥	Front-Facing Baby Chick	FRONT-FACING BABY CHICK
noun	ğŸ¦	Bird	BIRD
noun	ğŸ§	Penguin	PENGUIN
noun	ğŸ¨	Koala	KOALA
noun	ğŸ©	Poodle	POODLE
noun	ğŸª	Dromedary Camel	DROMEDARY CAMEL
noun	ğŸ«	Bactrian Camel	BACTRIAN CAMEL
noun	ğŸ¬	Dolphin	DOLPHIN
noun	ğŸ­	Mouse Face	MOUSE FACE
noun	ğŸ®	Cow Face	COW FACE
noun	ğŸ¯	Tiger Face	TIGER FACE
noun	ğŸ°	Rabbit Face	RABBIT FACE
noun	ğŸ±	Cat Face	CAT FACE
noun	ğŸ²	Dragon Face	DRAGON FACE
noun	ğŸ³	Spouting Whale	SPOUTING WHALE
noun	ğŸ´	Horse Face	HORSE FACE
noun	ğŸµ	Monkey Face	MONKEY FACE
noun	ğŸ¶	Dog Face	DOG FACE
noun	ğŸ·	Pig Face	PIG FACE
noun	ğŸ¸	Frog Face	FROG FACE
noun	ğŸ¹	Hamster Face	HAMSTER FACE
noun	ğŸº	Wolf Face	WOLF FACE
noun	ğŸ»	Bear Face	BEAR FACE
noun	ğŸ¼	Panda Face	PANDA FACE
noun	ğŸ½	Pig Nose	PIG NOSE
noun	ğŸ¾	Paw Prints	PAW PRINTS
noun	ğŸ¿	Chipmunk	CHIPMUNK
noun	ğŸ‘€	Eyes	EYES
noun	ğŸ‘	Eye	EYE
noun	ğŸ‘‚	Ear	EAR
noun	ğŸ‘ƒ	Nose	NOSE
noun	ğŸ‘„	Mouth	MOUTH
noun	ğŸ‘…	Tongue	TONGUE
noun	ğŸ‘†	Up Pointing Backhand	WHITE UP POINTING BACKHAND INDEX
noun	ğŸ‘‡	Down Pointing Backhand	WHITE DOWN POINTING BACKHAND INDEX
noun	ğŸ‘ˆ	Left Pointing Backhand	WHITE LEFT POINTING BACKHAND INDEX
noun	ğŸ‘‰	Right Pointing Backhand	WHITE RIGHT POINTING BACKHAND INDEX
noun	ğŸ‘Š	Fisted Hand Sign	FISTED HAND SIGN
noun	ğŸ‘‹	Waving Hand Sign	WAVING HAND SIGN
noun	ğŸ‘Œ	Ok Hand Sign	OK HAND SIGN
noun	ğŸ‘	Thumbs Up Sign	THUMBS UP SIGN
noun	ğŸ‘	Thumbs Down Sign	THUMBS DOWN SIGN
noun	ğŸ‘	Clapping Hands Sign	CLAPPING HANDS SIGN
noun	ğŸ‘	Open Hands Sign	OPEN HANDS SIGN
noun	ğŸ‘‘	Crown	CROWN
noun	ğŸ‘’	Womans Hat	WOMANS HAT
noun	ğŸ‘“	Eyeglasses	EYEGLASSES
noun	ğŸ‘”	Necktie	NECKTIE
noun	ğŸ‘•	T-Shirt	T-SHIRT
noun	ğŸ‘–	Jeans	JEANS
noun	ğŸ‘—	Dress	DRESS
noun	ğŸ‘˜	Kimono	KIMONO
noun	ğŸ‘™	Bikini	BIKINI
noun	ğŸ‘š	Womans Clothes	WOMANS CLOTHES
noun	ğŸ‘›	Purse	PURSE
noun	ğŸ‘œ	Handbag	HANDBAG
noun	ğŸ‘	Pouch	POUCH
noun	ğŸ‘	Mans Shoe	MANS SHOE
noun	ğŸ‘Ÿ	Athletic Shoe	ATHLETIC SHOE
noun	ğŸ‘ 	High-Heeled Shoe	HIGH-HEELED SHOE
noun	ğŸ‘¡	Womans Sandal	WOMANS SANDAL
noun	ğŸ‘¢	Womans Boots	WOMANS BOOTS
noun	ğŸ‘£	Footprints	FOOTPRINTS
noun	ğŸ‘¤	Bust In Silhouette	BUST IN SILHOUETTE
noun	ğŸ‘¥	Busts In Silhouette	BUSTS IN SILHOUETTE
noun	ğŸ‘¦	Boy	BOY
noun	ğŸ‘§	Girl	GIRL
noun	ğŸ‘¨	Man	MAN
noun	ğŸ‘©	Woman	WOMAN
noun	ğŸ‘ª	Family	FAMILY
noun	ğŸ‘«	Man & Woman Holding Hands	MAN AND WOMAN HOLDING HANDS
noun	ğŸ‘¬	Two Men Holding Hands	TWO MEN HOLDING HANDS
noun	ğŸ‘­	Two Women Holding Hands	TWO WOMEN HOLDING HANDS
noun	ğŸ‘®	Police Officer	POLICE OFFICER
noun	ğŸ‘¯	Woman With Bunny Ears	WOMAN WITH BUNNY EARS
noun	ğŸ‘°	Bride With Veil	BRIDE WITH VEIL
noun	ğŸ‘±	Person With Blond Hair	PERSON WITH BLOND HAIR
noun	ğŸ‘²	Man With Gua Pi Mao	MAN WITH GUA PI MAO
noun	ğŸ‘³	Man With Turban	MAN WITH TURBAN
noun	ğŸ‘´	Older Man	OLDER MAN
noun	ğŸ‘µ	Older Woman	OLDER WOMAN
noun	ğŸ‘¶	Baby	BABY
noun	ğŸ‘·	Construction Worker	CONSTRUCTION WORKER
noun	ğŸ‘¸	Princess	PRINCESS
noun	ğŸ‘¹	Japanese Ogre	JAPANESE OGRE
noun	ğŸ‘º	Japanese Goblin	JAPANESE GOBLIN
noun	ğŸ‘»	Ghost	GHOST
noun	ğŸ‘¼	Baby Angel	BABY ANGEL
noun	ğŸ‘½	Extraterrestrial Alien	EXTRATERRESTRIAL ALIEN
noun	ğŸ‘¾	Alien Monster	ALIEN MONSTER
noun	ğŸ‘¿	Imp	IMP
noun	ğŸ’€	Skull	SKULL
noun	ğŸ’	Information Desk Person	INFORMATION DESK PERSON
noun	ğŸ’‚	Guardsman	GUARDSMAN
noun	ğŸ’ƒ	Dancer	DANCER
noun	ğŸ’„	Lipstick	LIPSTICK
noun	ğŸ’…	Nail Polish	NAIL POLISH
noun	ğŸ’†	Face Massage	FACE MASSAGE
noun	ğŸ’‡	Haircut	HAIRCUT
noun	ğŸ’ˆ	Barber Pole	BARBER POLE
noun	ğŸ’‰	Syringe	SYRINGE
noun	ğŸ’Š	Pill	PILL
noun	ğŸ’‹	Kiss Mark	KISS MARK
noun	ğŸ’Œ	Love Letter	LOVE LETTER
noun	ğŸ’	Ring	RING
noun	ğŸ’	Gem Stone	GEM STONE
noun	ğŸ’	Kiss	KISS
noun	ğŸ’	Bouquet	BOUQUET
noun	ğŸ’‘	Couple With Heart	COUPLE WITH HEART
noun	ğŸ’’	Wedding	WEDDING
noun	ğŸ’“	Beating Heart	BEATING HEART
noun	ğŸ’”	Broken Heart	BROKEN HEART
noun	ğŸ’•	Two Hearts	TWO HEARTS
noun	ğŸ’–	Sparkling Heart	SPARKLING HEART
noun	ğŸ’—	Growing Heart	GROWING HEART
noun	ğŸ’˜	Heart With Arrow	HEART WITH ARROW
noun	ğŸ’™	Blue Heart	BLUE HEART
noun	ğŸ’š	Green Heart	GREEN HEART
noun	ğŸ’›	Yellow Heart	YELLOW HEART
noun	ğŸ’œ	Purple Heart	PURPLE HEART
noun	ğŸ’	Heart With Ribbon	HEART WITH RIBBON
noun	ğŸ’	Revolving Hearts	REVOLVING HEARTS
noun	ğŸ’Ÿ	Heart Decoration	HEART DECORATION
noun	ğŸ’¡	Electric Light Bulb	ELECTRIC LIGHT BULB
noun	ğŸ’¢	Anger	ANGER SYMBOL
noun	ğŸ’£	Bomb	BOMB
noun	ğŸ’¤	Sleeping	SLEEPING SYMBOL
noun	ğŸ’¥	Collision	COLLISION SYMBOL
noun	ğŸ’¦	Splashing Sweat	SPLASHING SWEAT SYMBOL
noun	ğŸ’§	Droplet	DROPLET
noun	ğŸ’¨	Dash	DASH SYMBOL
noun	ğŸ’©	Pile Of Poo	PILE OF POO
noun	ğŸ’ª	Flexed Biceps	FLEXED BICEPS
noun	ğŸ’«	Dizzy	DIZZY SYMBOL
noun	ğŸ’¬	Speech Balloon	SPEECH BALLOON
noun	ğŸ’­	Thought Balloon	THOUGHT BALLOON
noun	ğŸ’®	Flower	WHITE FLOWER
noun	ğŸ’¯	Hundred Points	HUNDRED POINTS SYMBOL
noun	ğŸ’°	Money Bag	MONEY BAG
noun	ğŸ’±	Currency Exchange	CURRENCY EXCHANGE
noun	ğŸ’²	Heavy Dollar Sign	HEAVY DOLLAR SIGN
noun	ğŸ’³	Credit Card	CREDIT CARD
noun	ğŸ’´	Banknote With Yen Sign	BANKNOTE WITH YEN SIGN
noun	ğŸ’µ	Banknote With Dollar Sign	BANKNOTE WITH DOLLAR SIGN
noun	ğŸ’¶	Banknote With Euro Sign	BANKNOTE WITH EURO SIGN
noun	ğŸ’·	Banknote With Pound Sign	BANKNOTE WITH POUND SIGN
noun	ğŸ’¸	Money With Wings	MONEY WITH WINGS
noun	ğŸ’º	Seat	SEAT
noun	ğŸ’»	Personal Computer	PERSONAL COMPUTER
noun	ğŸ’¼	Briefcase	BRIEFCASE
noun	ğŸ’½	Minidisc	MINIDISC
noun	ğŸ’¾	Floppy Disk	FLOPPY DISK
noun	ğŸ’¿	Optical Disc	OPTICAL DISC
noun	ğŸ“€	Dvd	DVD
noun	ğŸ“	File Folder	FILE FOLDER
noun	ğŸ“‚	Open File Folder	OPEN FILE FOLDER
noun	ğŸ“ƒ	Page With Curl	PAGE WITH CURL
noun	ğŸ“„	Page Facing Up	PAGE FACING UP
noun	ğŸ“…	Calendar	CALENDAR
noun	ğŸ“†	Tear-Off Calendar	TEAR-OFF CALENDAR
noun	ğŸ“‡	Card	CARD INDEX
noun	ğŸ“ˆ	Chart With Upwards Trend	CHART WITH UPWARDS TREND
noun	ğŸ“‰	Chart With Downwards Trend	CHART WITH DOWNWARDS TREND
noun	ğŸ“Š	Bar Chart	BAR CHART
noun	ğŸ“‹	Clipboard	CLIPBOARD
noun	ğŸ“Œ	Pushpin	PUSHPIN
noun	ğŸ“	Round Pushpin	ROUND PUSHPIN
noun	ğŸ“	Paperclip	PAPERCLIP
noun	ğŸ“	Straight Ruler	STRAIGHT RULER
noun	ğŸ“	Triangular Ruler	TRIANGULAR RULER
noun	ğŸ“‘	Bookmark Tabs	BOOKMARK TABS
noun	ğŸ“’	Ledger	LEDGER
noun	ğŸ““	Notebook	NOTEBOOK
noun	ğŸ“”	Notebook With Decorative Cover	NOTEBOOK WITH DECORATIVE COVER
noun	ğŸ“•	Closed Book	CLOSED BOOK
noun	ğŸ“–	Open Book	OPEN BOOK
noun	ğŸ“—	Green Book	GREEN BOOK
noun	ğŸ“˜	Blue Book	BLUE BOOK
noun	ğŸ“™	Orange Book	ORANGE BOOK
noun	ğŸ“š	Books	BOOKS
noun	ğŸ“›	Name Badge	NAME BADGE
noun	ğŸ“œ	Scroll	SCROLL
noun	ğŸ“	Memo	MEMO
noun	ğŸ“	Telephone Receiver	TELEPHONE RECEIVER
noun	ğŸ“Ÿ	Pager	PAGER
noun	ğŸ“ 	Fax Machine	FAX MACHINE
noun	ğŸ“¡	Satellite Antenna	SATELLITE ANTENNA
noun	ğŸ“¢	Public Address Loudspeaker	PUBLIC ADDRESS LOUDSPEAKER
noun	ğŸ“£	Cheering Megaphone	CHEERING MEGAPHONE
noun	ğŸ“¤	Outbox Tray	OUTBOX TRAY
noun	ğŸ“¥	Inbox Tray	INBOX TRAY
noun	ğŸ“¦	Package	PACKAGE
noun	ğŸ“§	E-Mail	E-MAIL SYMBOL
noun	ğŸ“¨	Incoming Envelope	INCOMING ENVELOPE
noun	ğŸ“¬	Open Mailbox With Raised Flag	OPEN MAILBOX WITH RAISED FLAG
noun	ğŸ“­	Open Mailbox With Lowered Flag	OPEN MAILBOX WITH LOWERED FLAG
noun	ğŸ“®	Postbox	POSTBOX
noun	ğŸ“¯	Postal Horn	POSTAL HORN
noun	ğŸ“°	Newspaper	NEWSPAPER
noun	ğŸ“±	Mobile Phone	MOBILE PHONE
noun	ğŸ“³	Vibration Mode	VIBRATION MODE
noun	ğŸ“´	Mobile Phone Off	MOBILE PHONE OFF
noun	ğŸ“µ	No Mobile Phones	NO MOBILE PHONES
noun	ğŸ“¶	Antenna With Bars	ANTENNA WITH BARS
noun	ğŸ“·	Camera	CAMERA
noun	ğŸ“¸	Camera With Flash	CAMERA WITH FLASH
noun	ğŸ“¹	Video Camera	VIDEO CAMERA
noun	ğŸ“º	Television	TELEVISION
noun	ğŸ“»	Radio	RADIO
noun	ğŸ“¼	Videocassette	VIDEOCASSETTE
noun	ğŸ“½	Film Projector	FILM PROJECTOR
noun	ğŸ“¿	Prayer Beads	PRAYER BEADS
noun	ğŸ”€	Twisted Rightwards Arrows	TWISTED RIGHTWARDS ARROWS
noun	ğŸ”…	Low Brightness	LOW BRIGHTNESS SYMBOL
noun	ğŸ”†	High Brightness	HIGH BRIGHTNESS SYMBOL
noun	ğŸ”ˆ	Speaker	SPEAKER
noun	ğŸ”‰	Speaker With One Sound Wave	SPEAKER WITH ONE SOUND WAVE
noun	ğŸ”Š	Speaker With Three Sound Waves	SPEAKER WITH THREE SOUND WAVES
noun	ğŸ”‹	Battery	BATTERY
noun	ğŸ”Œ	Electric Plug	ELECTRIC PLUG
noun	ğŸ”	Left-Pointing Magnifying Glass	LEFT-POINTING MAGNIFYING GLASS
noun	ğŸ”	Lock With Ink Pen	LOCK WITH INK PEN
noun	ğŸ”	Closed Lock With Key	CLOSED LOCK WITH KEY
noun	ğŸ”‘	Key	KEY
noun	ğŸ”’	Lock	LOCK
noun	ğŸ”“	Open Lock	OPEN LOCK
noun	ğŸ””	Bell	BELL
noun	ğŸ”•	Bell With Cancellation Stroke	BELL WITH CANCELLATION STROKE
noun	ğŸ”–	Bookmark	BOOKMARK
noun	ğŸ”—	Link	LINK SYMBOL
noun	ğŸ”˜	Radio Button	RADIO BUTTON
noun	ğŸ”š	End With Leftwards Arrow Above	END WITH LEFTWARDS ARROW ABOVE
noun	ğŸ”	Top With Upwards Arrow Above	TOP WITH UPWARDS ARROW ABOVE
noun	ğŸ”	No One Under Eighteen	NO ONE UNDER EIGHTEEN SYMBOL
noun	ğŸ”Ÿ	Keycap Ten	KEYCAP TEN
noun	ğŸ”¥	Fire	FIRE
noun	ğŸ”¦	Electric Torch	ELECTRIC TORCH
noun	ğŸ”§	Wrench	WRENCH
noun	ğŸ”¨	Hammer	HAMMER
noun	ğŸ”©	Nut & Bolt	NUT AND BOLT
noun	ğŸ”ª	Hocho	HOCHO
noun	ğŸ”«	Pistol	PISTOL
noun	ğŸ”¬	Microscope	MICROSCOPE
noun	ğŸ”­	Telescope	TELESCOPE
noun	ğŸ”®	Crystal Ball	CRYSTAL BALL
noun	ğŸ”°	Japanese For Beginner	JAPANESE SYMBOL FOR BEGINNER
noun	ğŸ”±	Trident Emblem	TRIDENT EMBLEM
noun	ğŸ”²	Square Button	BLACK SQUARE BUTTON
noun	ğŸ”³	Square Button	WHITE SQUARE BUTTON
noun	ğŸ”´	Large Red Circle	LARGE RED CIRCLE
noun	ğŸ”µ	Large Blue Circle	LARGE BLUE CIRCLE
noun	ğŸ”¶	Large Orange Diamond	LARGE ORANGE DIAMOND
noun	ğŸ”·	Large Blue Diamond	LARGE BLUE DIAMOND
noun	ğŸ”¸	Small Orange Diamond	SMALL ORANGE DIAMOND
noun	ğŸ”¹	Small Blue Diamond	SMALL BLUE DIAMOND
noun	ğŸ”º	Up-Pointing Red Triangle	UP-POINTING RED TRIANGLE
noun	ğŸ”»	Down-Pointing Red Triangle	DOWN-POINTING RED TRIANGLE
noun	ğŸ”¼	Up-Pointing Small Red Triangle	UP-POINTING SMALL RED TRIANGLE
noun	ğŸ•‰	Om	OM SYMBOL
noun	ğŸ•Š	Dove Of Peace	DOVE OF PEACE
noun	ğŸ•‹	Kaaba	KAABA
noun	ğŸ•Œ	Mosque	MOSQUE
noun	ğŸ•	Synagogue	SYNAGOGUE
noun	ğŸ•	Menorah With Nine Branches	MENORAH WITH NINE BRANCHES
noun	ğŸ•	One Oclock	CLOCK FACE ONE OCLOCK
noun	ğŸ•‘	Two Oclock	CLOCK FACE TWO OCLOCK
noun	ğŸ•’	Three Oclock	CLOCK FACE THREE OCLOCK
noun	ğŸ•“	Four Oclock	CLOCK FACE FOUR OCLOCK
noun	ğŸ•”	Five Oclock	CLOCK FACE FIVE OCLOCK
noun	ğŸ••	Six Oclock	CLOCK FACE SIX OCLOCK
noun	ğŸ•–	Seven Oclock	CLOCK FACE SEVEN OCLOCK
noun	ğŸ•—	Eight Oclock	CLOCK FACE EIGHT OCLOCK
noun	ğŸ•˜	Nine Oclock	CLOCK FACE NINE OCLOCK
noun	ğŸ•™	Ten Oclock	CLOCK FACE TEN OCLOCK
noun	ğŸ•š	Eleven Oclock	CLOCK FACE ELEVEN OCLOCK
noun	ğŸ•›	Twelve Oclock	CLOCK FACE TWELVE OCLOCK
noun	ğŸ•œ	One-Thirty	CLOCK FACE ONE-THIRTY
noun	ğŸ•	Two-Thirty	CLOCK FACE TWO-THIRTY
noun	ğŸ•	Three-Thirty	CLOCK FACE THREE-THIRTY
noun	ğŸ•Ÿ	Four-Thirty	CLOCK FACE FOUR-THIRTY
noun	ğŸ• 	Five-Thirty	CLOCK FACE FIVE-THIRTY
noun	ğŸ•¡	Six-Thirty	CLOCK FACE SIX-THIRTY
noun	ğŸ•¢	Seven-Thirty	CLOCK FACE SEVEN-THIRTY
noun	ğŸ•£	Eight-Thirty	CLOCK FACE EIGHT-THIRTY
noun	ğŸ•¤	Nine-Thirty	CLOCK FACE NINE-THIRTY
noun	ğŸ•¥	Ten-Thirty	CLOCK FACE TEN-THIRTY
noun	ğŸ•¦	Eleven-Thirty	CLOCK FACE ELEVEN-THIRTY
noun	ğŸ•§	Twelve-Thirty	CLOCK FACE TWELVE-THIRTY
noun	ğŸ•¯	Candle	CANDLE
noun	ğŸ•°	Mantelpiece Clock	MANTELPIECE CLOCK
noun	ğŸ•³	Hole	HOLE
noun	ğŸ•µ	Sleuth Or Spy	SLEUTH OR SPY
noun	ğŸ•¶	Dark Sunglasses	DARK SUNGLASSES
noun	ğŸ•·	Spider	SPIDER
noun	ğŸ•¸	Spider Web	SPIDER WEB
noun	ğŸ•¹	Joystick	JOYSTICK
noun	ğŸ•º	Man Dancing	MAN DANCING
noun	ğŸ–‡	Linked Paperclips	LINKED PAPERCLIPS
noun	ğŸ–Š	Lower Left Ballpoint Pen	LOWER LEFT BALLPOINT PEN
noun	ğŸ–‹	Lower Left Fountain Pen	LOWER LEFT FOUNTAIN PEN
noun	ğŸ–Œ	Lower Left Paintbrush	LOWER LEFT PAINTBRUSH
noun	ğŸ–	Lower Left Crayon	LOWER LEFT CRAYON
noun	ğŸ–¤	Heart	BLACK HEART
noun	ğŸ–¥	Desktop Computer	DESKTOP COMPUTER
noun	ğŸ–¨	Printer	PRINTER
noun	ğŸ–±	Three Button Mouse	THREE BUTTON MOUSE
noun	ğŸ–²	Trackball	TRACKBALL
noun	ğŸ–¼	Frame With Picture	FRAME WITH PICTURE
noun	ğŸ—‚	Card Dividers	CARD INDEX DIVIDERS
noun	ğŸ—ƒ	Card File Box	CARD FILE BOX
noun	ğŸ—„	File Cabinet	FILE CABINET
noun	ğŸ—‘	Wastebasket	WASTEBASKET
noun	ğŸ—’	Spiral Note Pad	SPIRAL NOTE PAD
noun	ğŸ—“	Spiral Calendar Pad	SPIRAL CALENDAR PAD
noun	ğŸ—œ	Compression	COMPRESSION
noun	ğŸ—	Old Key	OLD KEY
noun	ğŸ—	Rolled-Up Newspaper	ROLLED-UP NEWSPAPER
noun	ğŸ—¡	Dagger Knife	DAGGER KNIFE
noun	ğŸ—£	Speaking Head In Silhouette	SPEAKING HEAD IN SILHOUETTE
noun	ğŸ—¨	Left Speech Bubble	LEFT SPEECH BUBBLE
noun	ğŸ—¯	Right Anger Bubble	RIGHT ANGER BUBBLE
noun	ğŸ—³	Ballot Box With Ballot	BALLOT BOX WITH BALLOT
noun	ğŸ—º	World Map	WORLD MAP
noun	ğŸ—»	Mount Fuji	MOUNT FUJI
noun	ğŸ—¼	Tokyo Tower	TOKYO TOWER
noun	ğŸ—½	Statue Of Liberty	STATUE OF LIBERTY
noun	ğŸ—¾	Silhouette Of Japan	SILHOUETTE OF JAPAN
noun	ğŸ—¿	Moyai	MOYAI
noun	ğŸ˜€	Grinning Face	GRINNING FACE
noun	ğŸ˜‚	Face With Tears Of Joy	FACE WITH TEARS OF JOY
noun	ğŸ˜ƒ	Smiling Face With Open Mouth	SMILING FACE WITH OPEN MOUTH
noun	ğŸ˜‡	Smiling Face With Halo	SMILING FACE WITH HALO
noun	ğŸ˜ˆ	Smiling Face With Horns	SMILING FACE WITH HORNS
noun	ğŸ˜‰	Winking Face	WINKING FACE
noun	ğŸ˜Š	Smiling Face With Smiling Eyes	SMILING FACE WITH SMILING EYES
noun	ğŸ˜‹	Face Savouring Delicious Food	FACE SAVOURING DELICIOUS FOOD
noun	ğŸ˜Œ	Relieved Face	RELIEVED FACE
noun	ğŸ˜	Smiling Face With Sunglasses	SMILING FACE WITH SUNGLASSES
noun	ğŸ˜	Smirking Face	SMIRKING FACE
noun	ğŸ˜	Neutral Face	NEUTRAL FACE
noun	ğŸ˜‘	Expressionless Face	EXPRESSIONLESS FACE
noun	ğŸ˜’	Unamused Face	UNAMUSED FACE
noun	ğŸ˜“	Face With Cold Sweat	FACE WITH COLD SWEAT
noun	ğŸ˜”	Pensive Face	PENSIVE FACE
noun	ğŸ˜•	Confused Face	CONFUSED FACE
noun	ğŸ˜–	Confounded Face	CONFOUNDED FACE
noun	ğŸ˜—	Kissing Face	KISSING FACE
noun	ğŸ˜˜	Face Throwing A Kiss	FACE THROWING A KISS
noun	ğŸ˜™	Kissing Face With Smiling Eyes	KISSING FACE WITH SMILING EYES
noun	ğŸ˜š	Kissing Face With Closed Eyes	KISSING FACE WITH CLOSED EYES
noun	ğŸ˜›	Face With Stuck-Out Tongue	FACE WITH STUCK-OUT TONGUE
noun	ğŸ˜	Disappointed Face	DISAPPOINTED FACE
noun	ğŸ˜Ÿ	Worried Face	WORRIED FACE
noun	ğŸ˜ 	Angry Face	ANGRY FACE
noun	ğŸ˜¡	Pouting Face	POUTING FACE
noun	ğŸ˜¢	Crying Face	CRYING FACE
noun	ğŸ˜£	Persevering Face	PERSEVERING FACE
noun	ğŸ˜¤	Face With Look Of Triumph	FACE WITH LOOK OF TRIUMPH
noun	ğŸ˜¥	Disappointed But Relieved Face	DISAPPOINTED BUT RELIEVED FACE
noun	ğŸ˜¦	Frowning Face With Open Mouth	FROWNING FACE WITH OPEN MOUTH
noun	ğŸ˜§	Anguished Face	ANGUISHED FACE
noun	ğŸ˜¨	Fearful Face	FEARFUL FACE
noun	ğŸ˜©	Weary Face	WEARY FACE
noun	ğŸ˜ª	Sleepy Face	SLEEPY FACE
noun	ğŸ˜«	Tired Face	TIRED FACE
noun	ğŸ˜¬	Grimacing Face	GRIMACING FACE
noun	ğŸ˜­	Loudly Crying Face	LOUDLY CRYING FACE
noun	ğŸ˜®	Face With Open Mouth	FACE WITH OPEN MOUTH
noun	ğŸ˜¯	Hushed Face	HUSHED FACE
noun	ğŸ˜±	Face Screaming In Fear	FACE SCREAMING IN FEAR
noun	ğŸ˜²	Astonished Face	ASTONISHED FACE
noun	ğŸ˜³	Flushed Face	FLUSHED FACE
noun	ğŸ˜´	Sleeping Face	SLEEPING FACE
noun	ğŸ˜µ	Dizzy Face	DIZZY FACE
noun	ğŸ˜¶	Face Without Mouth	FACE WITHOUT MOUTH
noun	ğŸ˜·	Face With Medical Mask	FACE WITH MEDICAL MASK
noun	ğŸ˜¹	Cat Face With Tears Of Joy	CAT FACE WITH TEARS OF JOY
noun	ğŸ˜¼	Cat Face With Wry Smile	CAT FACE WITH WRY SMILE
noun	ğŸ˜¾	Pouting Cat Face	POUTING CAT FACE
noun	ğŸ˜¿	Crying Cat Face	CRYING CAT FACE
noun	ğŸ™€	Weary Cat Face	WEARY CAT FACE
noun	ğŸ™	Slightly Frowning Face	SLIGHTLY FROWNING FACE
noun	ğŸ™‚	Slightly Smiling Face	SLIGHTLY SMILING FACE
noun	ğŸ™ƒ	Upside-Down Face	UPSIDE-DOWN FACE
noun	ğŸ™„	Face With Rolling Eyes	FACE WITH ROLLING EYES
noun	ğŸ™…	Face With No Good Gesture	FACE WITH NO GOOD GESTURE
noun	ğŸ™†	Face With Ok Gesture	FACE WITH OK GESTURE
noun	ğŸ™‡	Person Bowing Deeply	PERSON BOWING DEEPLY
noun	ğŸ™ˆ	See-No-Evil Monkey	SEE-NO-EVIL MONKEY
noun	ğŸ™‰	Hear-No-Evil Monkey	HEAR-NO-EVIL MONKEY
noun	ğŸ™Š	Speak-No-Evil Monkey	SPEAK-NO-EVIL MONKEY
noun	ğŸ™‹	Happy Person Raising One Hand	HAPPY PERSON RAISING ONE HAND
noun	ğŸ™	Person Frowning	PERSON FROWNING
noun	ğŸ™	Person With Pouting Face	PERSON WITH POUTING FACE
noun	ğŸ™	Person With Folded Hands	PERSON WITH FOLDED HANDS
noun	ğŸš€	Rocket	ROCKET
noun	ğŸš	Helicopter	HELICOPTER
noun	ğŸš‚	Steam Locomotive	STEAM LOCOMOTIVE
noun	ğŸšƒ	Railway Car	RAILWAY CAR
noun	ğŸš„	High-Speed Train	HIGH-SPEED TRAIN
noun	ğŸš†	Train	TRAIN
noun	ğŸš‡	Metro	METRO
noun	ğŸšˆ	Light Rail	LIGHT RAIL
noun	ğŸš‰	Station	STATION
noun	ğŸšŠ	Tram	TRAM
noun	ğŸš‹	Tram Car	TRAM CAR
noun	ğŸšŒ	Bus	BUS
noun	ğŸš	Oncoming Bus	ONCOMING BUS
noun	ğŸš	Trolleybus	TROLLEYBUS
noun	ğŸš	Bus Stop	BUS STOP
noun	ğŸš	Minibus	MINIBUS
noun	ğŸš‘	Ambulance	AMBULANCE
noun	ğŸš’	Fire Engine	FIRE ENGINE
noun	ğŸš“	Police Car	POLICE CAR
noun	ğŸš”	Oncoming Police Car	ONCOMING POLICE CAR
noun	ğŸš•	Taxi	TAXI
noun	ğŸš–	Oncoming Taxi	ONCOMING TAXI
noun	ğŸš—	Automobile	AUTOMOBILE
noun	ğŸš˜	Oncoming Automobile	ONCOMING AUTOMOBILE
noun	ğŸš™	Recreational Vehicle	RECREATIONAL VEHICLE
noun	ğŸšš	Delivery Truck	DELIVERY TRUCK
noun	ğŸš›	Articulated Lorry	ARTICULATED LORRY
noun	ğŸšœ	Tractor	TRACTOR
noun	ğŸš	Monorail	MONORAIL
noun	ğŸš	Mountain Railway	MOUNTAIN RAILWAY
noun	ğŸšŸ	Suspension Railway	SUSPENSION RAILWAY
noun	ğŸš 	Mountain Cableway	MOUNTAIN CABLEWAY
noun	ğŸš¡	Aerial Tramway	AERIAL TRAMWAY
noun	ğŸš¢	Ship	SHIP
noun	ğŸš£	Rowboat	ROWBOAT
noun	ğŸš¤	Speedboat	SPEEDBOAT
noun	ğŸš¥	Horizontal Traffic Light	HORIZONTAL TRAFFIC LIGHT
noun	ğŸš¦	Vertical Traffic Light	VERTICAL TRAFFIC LIGHT
noun	ğŸš§	Construction Sign	CONSTRUCTION SIGN
noun	ğŸš¨	Police Cars Revolving Light	POLICE CARS REVOLVING LIGHT
noun	ğŸš©	Triangular Flag On Post	TRIANGULAR FLAG ON POST
noun	ğŸšª	Door	DOOR
noun	ğŸš«	No Entry Sign	NO ENTRY SIGN
noun	ğŸš¬	Smoking	SMOKING SYMBOL
noun	ğŸš­	No Smoking	NO SMOKING SYMBOL
noun	ğŸš®	Put Litter In Its Place	PUT LITTER IN ITS PLACE SYMBOL
noun	ğŸš¯	Do Not Litter	DO NOT LITTER SYMBOL
noun	ğŸš°	Potable Water	POTABLE WATER SYMBOL
noun	ğŸš±	Non-Potable Water	NON-POTABLE WATER SYMBOL
noun	ğŸš²	Bicycle	BICYCLE
noun	ğŸš³	No Bicycles	NO BICYCLES
noun	ğŸš´	Bicyclist	BICYCLIST
noun	ğŸšµ	Mountain Bicyclist	MOUNTAIN BICYCLIST
noun	ğŸš¶	Pedestrian	PEDESTRIAN
noun	ğŸš·	No Pedestrians	NO PEDESTRIANS
noun	ğŸš¸	Children Crossing	CHILDREN CROSSING
noun	ğŸš¹	Mens	MENS SYMBOL
noun	ğŸšº	Womens	WOMENS SYMBOL
noun	ğŸš»	Restroom	RESTROOM
noun	ğŸš¼	Baby	BABY SYMBOL
noun	ğŸš½	Toilet	TOILET
noun	ğŸš¾	Water Closet	WATER CLOSET
noun	ğŸš¿	Shower	SHOWER
noun	ğŸ›€	Bath	BATH
noun	ğŸ›	Bathtub	BATHTUB
noun	ğŸ›‚	Passport Control	PASSPORT CONTROL
noun	ğŸ›ƒ	Customs	CUSTOMS
noun	ğŸ›„	Baggage Claim	BAGGAGE CLAIM
noun	ğŸ›…	Left Luggage	LEFT LUGGAGE
noun	ğŸ›‹	Couch & Lamp	COUCH AND LAMP
noun	ğŸ›Œ	Sleeping Accommodation	SLEEPING ACCOMMODATION
noun	ğŸ›	Shopping Bags	SHOPPING BAGS
noun	ğŸ›	Bellhop Bell	BELLHOP BELL
noun	ğŸ›	Bed	BED
noun	ğŸ›	Place Of Worship	PLACE OF WORSHIP
noun	ğŸ›‘	Octagonal Sign	OCTAGONAL SIGN
noun	ğŸ›’	Shopping Trolley	SHOPPING TROLLEY
noun	ğŸ›•	Hindu Temple	HINDU TEMPLE
noun	ğŸ› 	Hammer & Wrench	HAMMER AND WRENCH
noun	ğŸ›¡	Shield	SHIELD
noun	ğŸ›¢	Oil Drum	OIL DRUM
noun	ğŸ›£	Motorway	MOTORWAY
noun	ğŸ›¤	Railway Track	RAILWAY TRACK
noun	ğŸ›¥	Motor Boat	MOTOR BOAT
noun	ğŸ›©	Small Airplane	SMALL AIRPLANE
noun	ğŸ›«	Airplane Departure	AIRPLANE DEPARTURE
noun	ğŸ›¬	Airplane Arriving	AIRPLANE ARRIVING
noun	ğŸ›°	Satellite	SATELLITE
noun	ğŸ›³	Passenger Ship	PASSENGER SHIP
noun	ğŸ›´	Scooter	SCOOTER
noun	ğŸ›µ	Motor Scooter	MOTOR SCOOTER
noun	ğŸ›¶	Canoe	CANOE
noun	ğŸ›·	Sled	SLED
noun	ğŸ›¸	Flying Saucer	FLYING SAUCER
noun	ğŸ›¹	Skateboard	SKATEBOARD
noun	ğŸ›º	Auto Rickshaw	AUTO RICKSHAW
noun	ğŸŸ 	Large Orange Circle	LARGE ORANGE CIRCLE
noun	ğŸŸ¡	Large Yellow Circle	LARGE YELLOW CIRCLE
noun	ğŸŸ¢	Large Green Circle	LARGE GREEN CIRCLE
noun	ğŸŸ£	Large Purple Circle	LARGE PURPLE CIRCLE
noun	ğŸŸ¤	Large Brown Circle	LARGE BROWN CIRCLE
noun	ğŸŸ¥	Large Red Square	LARGE RED SQUARE
noun	ğŸŸ¦	Large Blue Square	LARGE BLUE SQUARE
noun	ğŸŸ§	Large Orange Square	LARGE ORANGE SQUARE
noun	ğŸŸ¨	Large Yellow Square	LARGE YELLOW SQUARE
noun	ğŸŸ©	Large Green Square	LARGE GREEN SQUARE
noun	ğŸŸª	Large Purple Square	LARGE PURPLE SQUARE
noun	ğŸŸ«	Large Brown Square	LARGE BROWN SQUARE
noun	ğŸ¤	Heart	WHITE HEART
noun	ğŸ¤	Brown Heart	BROWN HEART
noun	ğŸ¤	Pinching Hand	PINCHING HAND
noun	ğŸ¤	Zipper-Mouth Face	ZIPPER-MOUTH FACE
noun	ğŸ¤‘	Money-Mouth Face	MONEY-MOUTH FACE
noun	ğŸ¤’	Face With Thermometer	FACE WITH THERMOMETER
noun	ğŸ¤“	Nerd Face	NERD FACE
noun	ğŸ¤”	Thinking Face	THINKING FACE
noun	ğŸ¤•	Face With Head-Bandage	FACE WITH HEAD-BANDAGE
noun	ğŸ¤–	Robot Face	ROBOT FACE
noun	ğŸ¤—	Hugging Face	HUGGING FACE
noun	ğŸ¤˜	Sign Of The Horns	SIGN OF THE HORNS
noun	ğŸ¤™	Call Me Hand	CALL ME HAND
noun	ğŸ¤š	Raised Back Of Hand	RAISED BACK OF HAND
noun	ğŸ¤›	Left-Facing Fist	LEFT-FACING FIST
noun	ğŸ¤œ	Right-Facing Fist	RIGHT-FACING FIST
noun	ğŸ¤	Handshake	HANDSHAKE
noun	ğŸ¤Ÿ	I Love You Hand Sign	I LOVE YOU HAND SIGN
noun	ğŸ¤ 	Face With Cowboy Hat	FACE WITH COWBOY HAT
noun	ğŸ¤¡	Clown Face	CLOWN FACE
noun	ğŸ¤¢	Nauseated Face	NAUSEATED FACE
noun	ğŸ¤£	Rolling On The Floor Laughing	ROLLING ON THE FLOOR LAUGHING
noun	ğŸ¤¤	Drooling Face	DROOLING FACE
noun	ğŸ¤¥	Lying Face	LYING FACE
noun	ğŸ¤¦	Face Palm	FACE PALM
noun	ğŸ¤§	Sneezing Face	SNEEZING FACE
noun	ğŸ¤¨	Face With One Eyebrow Raised	FACE WITH ONE EYEBROW RAISED
noun	ğŸ¤©	Grinning Face With Star Eyes	GRINNING FACE WITH STAR EYES
noun	ğŸ¤®	Face With Open Mouth Vomiting	FACE WITH OPEN MOUTH VOMITING
noun	ğŸ¤°	Pregnant Woman	PREGNANT WOMAN
noun	ğŸ¤±	Breast-Feeding	BREAST-FEEDING
noun	ğŸ¤²	Palms Up Together	PALMS UP TOGETHER
noun	ğŸ¤³	Selfie	SELFIE
noun	ğŸ¤´	Prince	PRINCE
noun	ğŸ¤µ	Man In Tuxedo	MAN IN TUXEDO
noun	ğŸ¤¶	Mother Christmas	MOTHER CHRISTMAS
noun	ğŸ¤·	Shrug	SHRUG
noun	ğŸ¤¸	Person Doing Cartwheel	PERSON DOING CARTWHEEL
noun	ğŸ¤¹	Juggling	JUGGLING
noun	ğŸ¤º	Fencer	FENCER
noun	ğŸ¤¼	Wrestlers	WRESTLERS
noun	ğŸ¤½	Water Polo	WATER POLO
noun	ğŸ¤¾	Handball	HANDBALL
noun	ğŸ¤¿	Diving Mask	DIVING MASK
noun	ğŸ¥€	Wilted Flower	WILTED FLOWER
noun	ğŸ¥	Drum With Drumsticks	DRUM WITH DRUMSTICKS
noun	ğŸ¥‚	Clinking Glasses	CLINKING GLASSES
noun	ğŸ¥ƒ	Tumbler Glass	TUMBLER GLASS
noun	ğŸ¥„	Spoon	SPOON
noun	ğŸ¥…	Goal Net	GOAL NET
noun	ğŸ¥‡	First Place Medal	FIRST PLACE MEDAL
noun	ğŸ¥ˆ	Second Place Medal	SECOND PLACE MEDAL
noun	ğŸ¥‰	Third Place Medal	THIRD PLACE MEDAL
noun	ğŸ¥Š	Boxing Glove	BOXING GLOVE
noun	ğŸ¥‹	Martial Arts Uniform	MARTIAL ARTS UNIFORM
noun	ğŸ¥Œ	Curling Stone	CURLING STONE
noun	ğŸ¥	Lacrosse Stick & Ball	LACROSSE STICK AND BALL
noun	ğŸ¥	Softball	SOFTBALL
noun	ğŸ¥	Flying Disc	FLYING DISC
noun	ğŸ¥	Croissant	CROISSANT
noun	ğŸ¥‘	Avocado	AVOCADO
noun	ğŸ¥’	Cucumber	CUCUMBER
noun	ğŸ¥“	Bacon	BACON
noun	ğŸ¥”	Potato	POTATO
noun	ğŸ¥•	Carrot	CARROT
noun	ğŸ¥–	Baguette Bread	BAGUETTE BREAD
noun	ğŸ¥—	Green Salad	GREEN SALAD
noun	ğŸ¥˜	Shallow Pan Of Food	SHALLOW PAN OF FOOD
noun	ğŸ¥™	Stuffed Flatbread	STUFFED FLATBREAD
noun	ğŸ¥š	Egg	EGG
noun	ğŸ¥›	Glass Of Milk	GLASS OF MILK
noun	ğŸ¥œ	Peanuts	PEANUTS
noun	ğŸ¥	Kiwifruit	KIWIFRUIT
noun	ğŸ¥	Pancakes	PANCAKES
noun	ğŸ¥Ÿ	Dumpling	DUMPLING
noun	ğŸ¥ 	Fortune Cookie	FORTUNE COOKIE
noun	ğŸ¥¡	Takeout Box	TAKEOUT BOX
noun	ğŸ¥¢	Chopsticks	CHOPSTICKS
noun	ğŸ¥£	Bowl With Spoon	BOWL WITH SPOON
noun	ğŸ¥¤	Cup With Straw	CUP WITH STRAW
noun	ğŸ¥¥	Coconut	COCONUT
noun	ğŸ¥¦	Broccoli	BROCCOLI
noun	ğŸ¥§	Pie	PIE
noun	ğŸ¥¨	Pretzel	PRETZEL
noun	ğŸ¥©	Cut Of Meat	CUT OF MEAT
noun	ğŸ¥ª	Sandwich	SANDWICH
noun	ğŸ¥«	Canned Food	CANNED FOOD
noun	ğŸ¥¬	Leafy Green	LEAFY GREEN
noun	ğŸ¥­	Mango	MANGO
noun	ğŸ¥®	Moon Cake	MOON CAKE
noun	ğŸ¥¯	Bagel	BAGEL
noun	ğŸ¥±	Yawning Face	YAWNING FACE
noun	ğŸ¥µ	Overheated Face	OVERHEATED FACE
noun	ğŸ¥¶	Freezing Face	FREEZING FACE
noun	ğŸ¥º	Face With Pleading Eyes	FACE WITH PLEADING EYES
noun	ğŸ¥»	Sari	SARI
noun	ğŸ¥¼	Lab Coat	LAB COAT
noun	ğŸ¥½	Goggles	GOGGLES
noun	ğŸ¥¾	Hiking Boot	HIKING BOOT
noun	ğŸ¥¿	Flat Shoe	FLAT SHOE
noun	ğŸ¦€	Crab	CRAB
noun	ğŸ¦	Lion Face	LION FACE
noun	ğŸ¦‚	Scorpion	SCORPION
noun	ğŸ¦ƒ	Turkey	TURKEY
noun	ğŸ¦„	Unicorn Face	UNICORN FACE
noun	ğŸ¦…	Eagle	EAGLE
noun	ğŸ¦†	Duck	DUCK
noun	ğŸ¦‡	Bat	BAT
noun	ğŸ¦ˆ	Shark	SHARK
noun	ğŸ¦‰	Owl	OWL
noun	ğŸ¦Š	Fox Face	FOX FACE
noun	ğŸ¦‹	Butterfly	BUTTERFLY
noun	ğŸ¦Œ	Deer	DEER
noun	ğŸ¦	Gorilla	GORILLA
noun	ğŸ¦	Lizard	LIZARD
noun	ğŸ¦	Rhinoceros	RHINOCEROS
noun	ğŸ¦	Shrimp	SHRIMP
noun	ğŸ¦‘	Squid	SQUID
noun	ğŸ¦’	Giraffe Face	GIRAFFE FACE
noun	ğŸ¦“	Zebra Face	ZEBRA FACE
noun	ğŸ¦”	Hedgehog	HEDGEHOG
noun	ğŸ¦•	Sauropod	SAUROPOD
noun	ğŸ¦–	T-Rex	T-REX
noun	ğŸ¦—	Cricket	CRICKET
noun	ğŸ¦˜	Kangaroo	KANGAROO
noun	ğŸ¦™	Llama	LLAMA
noun	ğŸ¦š	Peacock	PEACOCK
noun	ğŸ¦›	Hippopotamus	HIPPOPOTAMUS
noun	ğŸ¦œ	Parrot	PARROT
noun	ğŸ¦	Raccoon	RACCOON
noun	ğŸ¦	Lobster	LOBSTER
noun	ğŸ¦Ÿ	Mosquito	MOSQUITO
noun	ğŸ¦ 	Microbe	MICROBE
noun	ğŸ¦¡	Badger	BADGER
noun	ğŸ¦¢	Swan	SWAN
noun	ğŸ¦¥	Sloth	SLOTH
noun	ğŸ¦¦	Otter	OTTER
noun	ğŸ¦§	Orangutan	ORANGUTAN
noun	ğŸ¦¨	Skunk	SKUNK
noun	ğŸ¦©	Flamingo	FLAMINGO
noun	ğŸ¦ª	Oyster	OYSTER
noun	ğŸ¦®	Guide Dog	GUIDE DOG
noun	ğŸ¦¯	Probing Cane	PROBING CANE
noun	ğŸ¦´	Bone	BONE
noun	ğŸ¦µ	Leg	LEG
noun	ğŸ¦¶	Foot	FOOT
noun	ğŸ¦·	Tooth	TOOTH
noun	ğŸ¦¸	Superhero	SUPERHERO
noun	ğŸ¦¹	Supervillain	SUPERVILLAIN
noun	ğŸ¦º	Safety Vest	SAFETY VEST
noun	ğŸ¦»	Ear With Hearing Aid	EAR WITH HEARING AID
noun	ğŸ¦¼	Motorized Wheelchair	MOTORIZED WHEELCHAIR
noun	ğŸ¦½	Manual Wheelchair	MANUAL WHEELCHAIR
noun	ğŸ¦¾	Mechanical Arm	MECHANICAL ARM
noun	ğŸ¦¿	Mechanical Leg	MECHANICAL LEG
noun	ğŸ§€	Cheese Wedge	CHEESE WEDGE
noun	ğŸ§	Cupcake	CUPCAKE
noun	ğŸ§‚	Salt Shaker	SALT SHAKER
noun	ğŸ§ƒ	Beverage Box	BEVERAGE BOX
noun	ğŸ§„	Garlic	GARLIC
noun	ğŸ§…	Onion	ONION
noun	ğŸ§†	Falafel	FALAFEL
noun	ğŸ§‡	Waffle	WAFFLE
noun	ğŸ§ˆ	Butter	BUTTER
noun	ğŸ§‰	Mate Drink	MATE DRINK
noun	ğŸ§Š	Ice Cube	ICE CUBE
noun	ğŸ§	Standing Person	STANDING PERSON
noun	ğŸ§	Kneeling Person	KNEELING PERSON
noun	ğŸ§	Deaf Person	DEAF PERSON
noun	ğŸ§	Face With Monocle	FACE WITH MONOCLE
noun	ğŸ§‘	Adult	ADULT
noun	ğŸ§’	Child	CHILD
noun	ğŸ§“	Older Adult	OLDER ADULT
noun	ğŸ§”	Bearded Person	BEARDED PERSON
noun	ğŸ§•	Person With Headscarf	PERSON WITH HEADSCARF
noun	ğŸ§–	Person In Steamy Room	PERSON IN STEAMY ROOM
noun	ğŸ§—	Person Climbing	PERSON CLIMBING
noun	ğŸ§˜	Person In Lotus Position	PERSON IN LOTUS POSITION
noun	ğŸ§™	Mage	MAGE
noun	ğŸ§š	Fairy	FAIRY
noun	ğŸ§›	Vampire	VAMPIRE
noun	ğŸ§œ	Merperson	MERPERSON
noun	ğŸ§	Elf	ELF
noun	ğŸ§	Genie	GENIE
noun	ğŸ§Ÿ	Zombie	ZOMBIE
noun	ğŸ§ 	Brain	BRAIN
noun	ğŸ§¡	Orange Heart	ORANGE HEART
noun	ğŸ§¢	Billed Cap	BILLED CAP
noun	ğŸ§£	Scarf	SCARF
noun	ğŸ§¤	Gloves	GLOVES
noun	ğŸ§¥	Coat	COAT
noun	ğŸ§¦	Socks	SOCKS
noun	ğŸ§§	Red Gift Envelope	RED GIFT ENVELOPE
noun	ğŸ§¨	Firecracker	FIRECRACKER
noun	ğŸ§©	Jigsaw Puzzle Piece	JIGSAW PUZZLE PIECE
noun	ğŸ§ª	Test Tube	TEST TUBE
noun	ğŸ§«	Petri Dish	PETRI DISH
noun	ğŸ§¬	Dna Double Helix	DNA DOUBLE HELIX
noun	ğŸ§­	Compass	COMPASS
noun	ğŸ§®	Abacus	ABACUS
noun	ğŸ§¯	Fire Extinguisher	FIRE EXTINGUISHER
noun	ğŸ§°	Toolbox	TOOLBOX
noun	ğŸ§±	Brick	BRICK
noun	ğŸ§²	Magnet	MAGNET
noun	ğŸ§³	Luggage	LUGGAGE
noun	ğŸ§´	Lotion Bottle	LOTION BOTTLE
noun	ğŸ§µ	Spool Of Thread	SPOOL OF THREAD
noun	ğŸ§¶	Ball Of Yarn	BALL OF YARN
noun	ğŸ§·	Safety Pin	SAFETY PIN
noun	ğŸ§¸	Teddy Bear	TEDDY BEAR
noun	ğŸ§¹	Broom	BROOM
noun	ğŸ§º	Basket	BASKET
noun	ğŸ§»	Roll Of Paper	ROLL OF PAPER
noun	ğŸ§¼	Bar Of Soap	BAR OF SOAP
noun	ğŸ§½	Sponge	SPONGE
noun	ğŸ§¾	Receipt	RECEIPT
noun	ğŸ§¿	Nazar Amulet	NAZAR AMULET
noun	ğŸ©°	Ballet Shoes	BALLET SHOES
noun	ğŸ©±	One-Piece Swimsuit	ONE-PIECE SWIMSUIT
noun	ğŸ©²	Briefs	BRIEFS
noun	ğŸ©³	Shorts	SHORTS
noun	ğŸ©¸	Drop Of Blood	DROP OF BLOOD
noun	ğŸ©¹	Adhesive Bandage	ADHESIVE BANDAGE
noun	ğŸ©º	Stethoscope	STETHOSCOPE
noun	ğŸª€	Yo-Yo	YO-YO
noun	ğŸª	Kite	KITE
noun	ğŸª‚	Parachute	PARACHUTE
noun	ğŸª	Ringed Planet	RINGED PLANET
noun	ğŸª‘	Chair	CHAIR
noun	ğŸª’	Razor	RAZOR
noun	ğŸª“	Axe	AXE
noun	ğŸª”	Diya Lamp	DIYA LAMP
